{"cameraMode":{"drawMode":0,"name":"Shaded","section":"Shading Mode"},"sceneLighting":false,"audioPlay":false,"sceneViewState":{"m_AlwaysRefresh":false,"showFog":true,"showSkybox":false,"showFlares":true,"showImageEffects":true,"showParticleSystems":true,"showVisualEffectGraphs":true,"m_FxEnabled":true},"in2DMode":false,"pivot":{"x":0.08811116218566895,"y":-0.1610392928123474,"z":0.16210055351257325},"rotation":{"x":-0.06045880541205406,"y":0.8857976198196411,"z":-0.12059229612350464,"w":-0.444062203168869},"size":2.2128958702087404,"orthographic":false}